WKT,id,name,alt_name,latitude,longitude
"POINT (97.0253 4.36855)",11.0,ACEH,ACEH,4.36855,97.0253
"POINT (99.38122 2.19235)",12.0,SUMATERA UTARA,SUMATERA UTARA,2.19235,99.38122
"POINT (100.4716064 -1.0456614)",13.0,SUMATERA BARAT,SUMATERA BARAT,-1.0456614,100.4716064
"POINT (101.54758 0.50041)",14.0,RIAU,RIAU,0.50041,101.54758
"POINT (103.8453767 -1.7323734)",15.0,JAMBI,JAMBI,-1.7323734,103.8453767
"POINT (103.8293621 -3.3241359)",16.0,SUMATERA SELATAN,SUMATERA SELATAN,-3.3241359,103.8293621
"POINT (102.3272113 -3.9791586)",17.0,BENGKULU,BENGKULU,-3.9791586,102.3272113
"POINT (105.0273 -4.8555)",18.0,LAMPUNG,LAMPUNG,-4.8555,105.0273
"POINT (106.4188302 -2.8226244)",19.0,KEPULAUAN BANGKA BELITUNG,KEPULAUAN BANGKA BELITUNG,-2.8226244,106.4188302
"POINT (104.6380482 -0.0861157)",21.0,KEPULAUAN RIAU,KEPULAUAN RIAU,-0.0861157,104.6380482
